{
    "Left hippocampus [volume]": {
        "prs_diff": 826.3643621830121,
        "prs_ratio": 10.45291132368048,
        "eis": 97.08486759473777,
        "eis_ratio": 1.2052332046083416
    },
    "Right hippocampus [volume]": {
        "prs_diff": 822.4866215092443,
        "prs_ratio": 9.974822996207644,
        "eis": 289.92039584953335,
        "eis_ratio": 3.490135665752564
    },
    "Left amygdala [volume]": {
        "prs_diff": 401.7880723890515,
        "prs_ratio": 12.955087014623857,
        "eis": 173.16408388335253,
        "eis_ratio": 5.5486583655499935
    },
    "Right amygdala [volume]": {
        "prs_diff": 409.6913287612196,
        "prs_ratio": 11.774621986290882,
        "eis": 202.18203808612125,
        "eis_ratio": 5.781004416873646
    },
    "Left Inf_Lat_Vent [volume]": {
        "prs_diff": 437.40560904480145,
        "prs_ratio": 53.11887096903019,
        "eis": 164.08677693117988,
        "eis_ratio": 19.00977868251802
    },
    "Right Inf_Lat_Vent [volume]": {
        "prs_diff": 430.25218561806497,
        "prs_ratio": 54.27318348080919,
        "eis": 114.69716809628108,
        "eis_ratio": 14.620618000094781
    },
    "Left entorhil [thickness]": {
        "prs_diff": 0.6435743853090892,
        "prs_ratio": 9.936849705879844,
        "eis": 0.023155902366229823,
        "eis_ratio": 0.38377060780056144
    },
    "Right entorhil [thickness]": {
        "prs_diff": 0.7051515550421396,
        "prs_ratio": 10.63246227687183,
        "eis": 0.009035099306834807,
        "eis_ratio": 0.13773804212502444
    },
    "Left middletemporal [thickness]": {
        "prs_diff": 0.31498435442689504,
        "prs_ratio": 5.4383233048160875,
        "eis": 0.0202174133493735,
        "eis_ratio": 0.3509706471094717
    },
    "Right middletemporal [thickness]": {
        "prs_diff": 0.3124252381093681,
        "prs_ratio": 5.256973005899534,
        "eis": 0.02042531887412598,
        "eis_ratio": 0.3475871515263806
    },
    "Left inferiortemporal [thickness]": {
        "prs_diff": 0.30344396271653845,
        "prs_ratio": 4.9928194094065725,
        "eis": 0.008033204694712866,
        "eis_ratio": 0.13611668779778183
    },
    "Right inferiortemporal [thickness]": {
        "prs_diff": 0.29530292135020914,
        "prs_ratio": 4.91679338488385,
        "eis": 0.007223594920371291,
        "eis_ratio": 0.11953308193993663
    },
    "Left fusiform [thickness]": {
        "prs_diff": 0.28243300706095525,
        "prs_ratio": 4.926527300568188,
        "eis": 0.01726425399178064,
        "eis_ratio": 0.303427905777682
    },
    "Right fusiform [thickness]": {
        "prs_diff": 0.30707557837236577,
        "prs_ratio": 5.367907957142772,
        "eis": 0.0051803382328110305,
        "eis_ratio": 0.0910460110532478
    },
    "Left superiortemporal [thickness]": {
        "prs_diff": 0.3391363841073532,
        "prs_ratio": 5.7272590645180115,
        "eis": 0.014981438418575946,
        "eis_ratio": 0.2610996050128659
    },
    "Right superiortemporal [thickness]": {
        "prs_diff": 0.33970574139122595,
        "prs_ratio": 5.6094915626283965,
        "eis": 0.01555842517523651,
        "eis_ratio": 0.26160735702241317
    },
    "Left inferiorparietal [thickness]": {
        "prs_diff": 0.26637536209202245,
        "prs_ratio": 4.97656807216648,
        "eis": 0.007424818194801218,
        "eis_ratio": 0.14141492261099353
    },
    "Right inferiorparietal [thickness]": {
        "prs_diff": 0.2737611053053248,
        "prs_ratio": 5.06365476616384,
        "eis": 0.01889715629893576,
        "eis_ratio": 0.3525560292347778
    },
    "Left precuneus [thickness]": {
        "prs_diff": 0.2988322860274457,
        "prs_ratio": 5.731015022474286,
        "eis": 0.006534563931141404,
        "eis_ratio": 0.12891953785467716
    },
    "Right precuneus [thickness]": {
        "prs_diff": 0.2963834587223855,
        "prs_ratio": 5.693286064235764,
        "eis": 0.005719552727866518,
        "eis_ratio": 0.11089043032263447
    },
    "Left caudalmiddlefrontal [thickness]": {
        "prs_diff": 0.32296490479637807,
        "prs_ratio": 5.683331532373127,
        "eis": 0.020048958151171456,
        "eis_ratio": 0.3625877270575329
    },
    "Right caudalmiddlefrontal [thickness]": {
        "prs_diff": 0.3249865405152961,
        "prs_ratio": 5.803522564143589,
        "eis": 0.00722413407917561,
        "eis_ratio": 0.1288397160203666
    },
    "Left inferiortemporal [surface area]": {
        "prs_diff": 825.4892130656926,
        "prs_ratio": 12.21252719128105,
        "eis": 368.7865062938601,
        "eis_ratio": 5.433300760719282
    },
    "Right inferiortemporal [surface area]": {
        "prs_diff": 856.1245391703573,
        "prs_ratio": 12.000300032136026,
        "eis": 413.4518240969538,
        "eis_ratio": 5.755169765288963
    }
}